{
    "ASSIST_PL_ADJ_X": 640.0,
    "ASSIST_PL_ADJ_Y": 102.85713195800781,
    "ASSIST_PL_TIME": 20,
    "ATEMI_STOP": 4096,
    "Adjust_SJump_BB": -0.0999908447265625,
    "Adjust_SJump_BF": 0.4199981689453125,
    "Adjust_SJump_FB": -0.1999969482421875,
    "Adjust_SJump_FF": 0.0099945068359375,
    "Adjust_SJump_VB": -0.0999908447265625,
    "Adjust_SJump_VF": 0.4199981689453125,
    "BACK_ATTACK": true,
    "BAK_XXX": 5,
    "BAK_m90": 6,
    "CATCH_NUKI_CNT": 2,
    "CHR_DIR": 128,
    "CK_ASSIST": 4,
    "CK_AUTO": 3,
    "CK_DEFER": 1,
    "CK_DEF_EZ": 2,
    "CK_EASY": 5,
    "CK_NORMAL": 6,
    "DONE_PUSH": 1024,
    "DownAccel_SJump": -0.5,
    "FLY_CEIL": 350.0,
    "FLY_FLOOR": 20.0,
    "FORCE_KILL": 2048,
    "FRONT_ATTACK": false,
    "GND_DMG_NUM": 20,
    "GRD_STOP_H": 18,
    "GRD_STOP_L": 11,
    "GRD_STOP_M": 14,
    "IN_SCREEN": 1,
    "IS_DOUBLE": 64,
    "IS_STK_PUSH": 16,
    "LEVER_NUM": 9,
    "LOW_TRAJ": 256,
    "LimitSpeedX_SJumpB": -6.6999969482421875,
    "LimitSpeedX_SJumpF": 6.6999969482421875,
    "MINION_PL_ADJ_X": 640.0,
    "MINION_PL_ADJ_Y": 102.85713195800781,
    "MINION_PL_TIME": 60,
    "NEW_BORN": 8,
    "NO_DISP": 2,
    "NO_DISP_BODY": 4,
    "NO_STK_PUSH": 32,
    "NRM_NUKI_CNT": 2,
    "OFS_CRO_HI": 12,
    "OFS_CRO_LOW": 16,
    "OFS_STD_HI": 0,
    "OFS_STD_LOW": 8,
    "OFS_STD_MID": 4,
    "OFS_STR_C": 3,
    "OFS_STR_H": 2,
    "OFS_STR_L": 0,
    "OFS_STR_M": 1,
    "OFS_STR_NUM": 4,
    "POISON_TIME_DEF": 600,
    "P_HAND_TIME_DEF": 420,
    "SKIP_ADJ": 512,
    "TATAKI_HEIGHT": 50.0,
    "THROW_TECH_AUTO": 4,
    "THROW_TECH_CK": 1,
    "THROW_TECH_CK1": 2,
    "THROW_TECH_END": 0,
    "THROW_TECH_HOLD": -1,
    "THROW_TECH_OK": 3,
    "TOUCH_JMP_TIME": 20.0,
    "TOUCH_JMP_TIME0": 15.0,
    "TOUCH_JMP_TIME1": 25.0,
    "TOUCH_JMP_TIME2": 35.0,
    "UKEM_NUKI_CNT": 4,
    "UPDATE_STATUS_ACT_FRAME_INFO": 768,
    "VEC_000": 2,
    "VEC_045": 1,
    "VEC_090": 0,
    "VEC_BAK": -1,
    "VEC_m45": 3,
    "VEC_m90": 4,
    "_cos000": 4294967296,
    "_cos045": 3037000500,
    "_cos090": 0,
    "_cos135": -3037000500,
    "_cos180": -4294967296,
    "_cos225": -3037000500,
    "_cos270": 0,
    "_cos315": 3037000500,
    "_sin000": 0,
    "_sin045": 3037000500,
    "_sin090": 4294967296,
    "_sin135": 3037000500,
    "_sin180": 0,
    "_sin225": -3037000500,
    "_sin270": -4294967296,
    "_sin315": -3037000500,
    "atck_sp_act_tbl": 554049732475,
    "blk_input": {
        "0": {
            "input": 4,
            "keep": 11
        },
        "1": {
            "input": 2,
            "keep": 11
        },
        "2": {
            "input": 4,
            "keep": 9
        },
        "3": {
            "input": 4,
            "keep": 6
        }
    },
    "blow_fix_dir": {
        "0": 0,
        "1": 18,
        "2": 9,
        "3": 0,
        "4": 63,
        "5": 54
    },
    "blow_offset": {
        "00": "104184664",
        "01": "104184664",
        "02": "104184664",
        "03": "104184664",
        "04": "104184664",
        "05": "104184664",
        "06": "104184664",
        "07": "104184664",
        "08": "104184664",
        "09": "104184664",
        "10": "104184664",
        "11": "104184664",
        "12": "104184664",
        "13": "104184664",
        "14": "104184664",
        "15": "104184664",
        "16": "104184664",
        "17": "104184664",
        "18": "104184664",
        "19": "104184664",
        "20": "104184664",
        "21": "104184664",
        "22": "104184664",
        "23": "104184664",
        "24": "104184664",
        "25": "104184664",
        "26": "104184664",
        "27": "104184664",
        "28": "104184664",
        "29": "104184664",
        "30": "104184664",
        "31": "104184664",
        "32": "104184664",
        "33": "104184664",
        "34": "104184664",
        "35": "104184664",
        "36": "104184664",
        "37": "104184664",
        "38": "104184664",
        "39": "104184664",
        "40": "104184664",
        "41": "104184664",
        "42": "104184664",
        "43": "104184664",
        "44": "104184664",
        "45": "104184664",
        "46": "104184664",
        "47": "104184664",
        "48": "104184664",
        "49": "104184664",
        "50": "104184664",
        "51": "104184664",
        "52": "104184664",
        "53": "104184664",
        "54": "104184664",
        "55": "104184664",
        "56": "104184664",
        "57": "104184664",
        "58": "104184664",
        "59": "104184664",
        "60": "104184664",
        "61": "104184664",
        "62": "104184664",
        "63": "104184664",
        "64": "104184664",
        "65": "104184664",
        "66": "104184664",
        "67": "104184664",
        "68": "104184664",
        "69": "104184664",
        "70": "104184664",
        "71": "104184664"
    },
    "damage_vec_reverse": {
        "00": 36,
        "01": 35,
        "02": 34,
        "03": 33,
        "04": 32,
        "05": 31,
        "06": 30,
        "07": 29,
        "08": 28,
        "09": 27,
        "10": 26,
        "11": 25,
        "12": 24,
        "13": 23,
        "14": 22,
        "15": 21,
        "16": 20,
        "17": 19,
        "18": 18,
        "19": 17,
        "20": 16,
        "21": 15,
        "22": 14,
        "23": 13,
        "24": 12,
        "25": 11,
        "26": 10,
        "27": 9,
        "28": 8,
        "29": 7,
        "30": 6,
        "31": 5,
        "32": 4,
        "33": 3,
        "34": 2,
        "35": 1,
        "36": 0,
        "37": 71,
        "38": 70,
        "39": 69,
        "40": 68,
        "41": 67,
        "42": 66,
        "43": 65,
        "44": 64,
        "45": 63,
        "46": 62,
        "47": 61,
        "48": 60,
        "49": 59,
        "50": 58,
        "51": 57,
        "52": 56,
        "53": 55,
        "54": 54,
        "55": 53,
        "56": 52,
        "57": 51,
        "58": 50,
        "59": 49,
        "60": 48,
        "61": 47,
        "62": 46,
        "63": 45,
        "64": 44,
        "65": 43,
        "66": 42,
        "67": 41,
        "68": 40,
        "69": 39,
        "70": 38,
        "71": 37
    },
    "dm_beatdown_tbl": {
        "00": 260,
        "01": 261,
        "02": 262,
        "03": 262,
        "04": 260,
        "05": 261,
        "06": 262,
        "07": 262,
        "08": 260,
        "09": 261,
        "10": 262,
        "11": 262,
        "12": 263,
        "13": 264,
        "14": 265,
        "15": 265,
        "16": 263,
        "17": 264,
        "18": 265,
        "19": 265
    },
    "dm_ground_tbl": {
        "00": 200,
        "01": 201,
        "02": 202,
        "03": 203,
        "04": 204,
        "05": 205,
        "06": 206,
        "07": 207,
        "08": 208,
        "09": 209,
        "10": 210,
        "11": 211,
        "12": 212,
        "13": 213,
        "14": 214,
        "15": 215,
        "16": 216,
        "17": 217,
        "18": 218,
        "19": 219
    },
    "dm_info_tbl": {
        "00": {
            "actID": -1,
            "pose": 255,
            "type": 3
        },
        "01": {
            "actID": 200,
            "pose": 0,
            "type": 3
        },
        "02": {
            "actID": 212,
            "pose": 1,
            "type": 3
        },
        "03": {
            "actID": 279,
            "pose": 0,
            "type": 23
        },
        "04": {
            "actID": 281,
            "pose": 0,
            "type": 23
        },
        "05": {
            "actID": -1,
            "pose": 255,
            "type": 38
        },
        "06": {
            "actID": -1,
            "pose": 255,
            "type": 38
        },
        "07": {
            "actID": 260,
            "pose": 0,
            "type": 3
        },
        "08": {
            "actID": 263,
            "pose": 1,
            "type": 3
        },
        "09": {
            "actID": 200,
            "pose": 0,